色号,现有库存_颗,legend需求_颗,summary_tot0913需求_颗,总需求_颗,剩余_颗_负数为缺货,缺失数量_颗
G13,2000,871,987,1858,142,0
G17,2000,724,664,1388,612,0
E3,2000,380,979,1359,641,0
G6,2000,127,1218,1345,655,0
G1,2000,765,539,1304,696,0
D2,2000,14,1289,1303,697,0
E2,6000,1358,3944,5302,698,0
G20,2000,124,1176,1300,700,0
B8,2000,126,1120,1246,754,0
G9,2000,387,837,1224,776,0
H16,5200,2732,1686,4418,782,0
C12,2000,382,834,1216,784,0
G10,2000,0,1209,1209,791,0
A7,2000,732,472,1204,796,0
A4,2000,363,797,1160,840,0
C24,3000,92,2044,2136,864,0
F8,3000,1696,433,2129,871,0
G4,2000,424,662,1086,914,0
G14,2000,729,316,1045,955,0
D10,2000,0,1040,1040,960,0
H6,3200,943,1296,2239,961,0
H5,2000,468,569,1037,963,0
C13,2000,9,1013,1022,978,0
G11,2000,11,1006,1017,983,0
C20,2000,17,989,1006,994,0
B12,2000,0,993,993,1007,0
A1,2000,240,740,980,1020,0
C28,2000,3,938,941,1059,0
F14,2000,215,723,938,1062,0
F22,2000,554,377,931,1069,0
M15,2000,408,508,916,1084,0
E16,2000,471,443,914,1086,0
F5,2000,84,825,909,1091,0
C8,2000,60,848,908,1092,0
A5,2000,45,842,887,1113,0
H3,2000,456,385,841,1159,0
C27,2000,0,834,834,1166,0
B20,2000,0,825,825,1175,0
B11,2000,152,670,822,1178,0
G8,3200,638,1374,2012,1188,0
B5,2000,18,790,808,1192,0
D11,2000,123,684,807,1193,0
D17,2000,79,715,794,1206,0
D24,2000,0,788,788,1212,0
E19,2000,66,713,779,1221,0
H1,2000,28,742,770,1230,0
B15,4000,1818,949,2767,1233,0
M4,2000,579,173,752,1248,0
M7,2000,613,136,749,1251,0
H18,2000,0,734,734,1266,0
A10,2000,434,294,728,1272,0
A20,3000,728,997,1725,1275,0
A13,2000,180,539,719,1281,0
A8,2000,189,521,710,1290,0
A6,2000,108,601,709,1291,0
E12,2000,432,273,705,1295,0
A2,2000,0,691,691,1309,0
C4,2000,13,677,690,1310,0
B19,2000,123,560,683,1317,0
E5,2000,35,638,673,1327,0
M12,2000,149,524,673,1327,0
B10,2000,0,648,648,1352,0
C7,5000,28,3620,3648,1352,0
C18,2000,2,646,648,1352,0
H21,2000,0,639,639,1361,0
B21,2000,0,634,634,1366,0
C23,2000,0,633,633,1367,0
B22,2000,0,629,629,1371,0
C14,2000,0,615,615,1385,0
H2,16000,4453,10158,14611,1389,0
H9,3000,1142,463,1605,1395,0
B23,2000,0,587,587,1413,0
M9,2000,524,59,583,1417,0
B17,5000,1861,1720,3581,1419,0
G5,2000,0,579,579,1421,0
B26,2000,8,566,574,1426,0
G21,2000,181,388,569,1431,0
F11,4200,1387,1363,2750,1450,0
H4,2000,320,217,537,1463,0
M2,2000,379,153,532,1468,0
D19,2000,146,365,511,1489,0
F18,2000,0,489,489,1511,0
C9,2000,0,485,485,1515,0
B7,2000,0,479,479,1521,0
C10,2000,44,420,464,1536,0
F7,2000,66,397,463,1537,0
A26,2000,0,455,455,1545,0
H11,3200,699,954,1653,1547,0
E8,2000,15,430,445,1555,0
C29,2000,90,353,443,1557,0
F3,2000,0,443,443,1557,0
C2,3200,42,1589,1631,1569,0
A14,2000,44,374,418,1582,0
E4,2000,162,243,405,1595,0
H19,2000,0,405,405,1595,0
H22,2000,0,397,397,1603,0
A17,2000,0,395,395,1605,0
A15,2000,0,393,393,1607,0
C21,2000,0,379,379,1621,0
F15,4000,2187,186,2373,1627,0
A11,2000,353,12,365,1635,0
M14,2000,28,333,361,1639,0
E14,2000,55,304,359,1641,0
B3,2000,0,352,352,1648,0
A18,2000,74,276,350,1650,0
A25,2000,0,348,348,1652,0
A24,2000,0,344,344,1656,0
H12,3200,482,1062,1544,1656,0
H15,2000,7,335,342,1658,0
E10,2000,166,175,341,1659,0
F9,2000,5,324,329,1671,0
M13,2000,0,325,325,1675,0
C3,4200,0,2524,2524,1676,0
C22,2000,0,324,324,1676,0
G18,4200,1636,886,2522,1678,0
H17,2000,0,318,318,1682,0
D4,4200,471,2038,2509,1691,0
B29,2000,220,86,306,1694,0
C16,5200,12,3491,3503,1697,0
A3,2000,133,162,295,1705,0
H20,2000,14,279,293,1707,0
C19,2000,0,286,286,1714,0
A16,2000,0,283,283,1717,0
B13,2000,0,279,279,1721,0
D22,2000,0,278,278,1722,0
F6,2000,100,177,277,1723,0
E7,2000,183,92,275,1725,0
C5,2000,6,250,256,1744,0
E15,2000,87,155,242,1758,0
C6,4200,147,2292,2439,1761,0
B25,2000,84,152,236,1764,0
E9,2000,0,235,235,1765,0
B9,3200,0,1429,1429,1771,0
A23,2000,61,165,226,1774,0
G3,2000,18,200,218,1782,0
B31,2000,0,216,216,1784,0
B27,2000,0,215,215,1785,0
E6,2000,43,172,215,1785,0
A21,2000,0,204,204,1796,0
H14,2000,51,147,198,1802,0
B1,2000,191,0,191,1809,0
B32,2000,0,191,191,1809,0
F21,2000,99,89,188,1812,0
E24,2000,0,180,180,1820,0
G15,2000,0,178,178,1822,0
E17,2000,0,176,176,1824,0
D1,3200,11,1358,1369,1831,0
E18,2000,158,0,158,1842,0
B14,2000,45,112,157,1843,0
A19,2000,0,155,155,1845,0
H23,2000,152,0,152,1848,0
M5,2000,45,100,145,1855,0
B18,2000,101,42,143,1857,0
G19,3200,205,1136,1341,1859,0
A22,2000,103,37,140,1860,0
E20,2000,113,25,138,1862,0
H13,2000,0,135,135,1865,0
F12,2000,0,134,134,1866,0
B16,2000,0,133,133,1867,0
M6,2000,39,94,133,1867,0
G7,4200,1172,1157,2329,1871,0
M8,2000,82,38,120,1880,0
C26,2000,41,78,119,1881,0
E22,2000,5,105,110,1890,0
A9,2000,0,109,109,1891,0
F1,2000,88,16,104,1896,0
M1,2000,67,37,104,1896,0
D16,2000,45,58,103,1897,0
M10,2000,38,65,103,1897,0
D15,2000,6,88,94,1906,0
D12,2000,54,39,93,1907,0
D26,2000,92,1,93,1907,0
G2,2000,63,30,93,1907,0
E23,2000,55,31,86,1914,0
E1,2000,68,14,82,1918,0
H10,2000,75,5,80,1920,0
D7,2000,0,76,76,1924,0
F17,2000,0,75,75,1925,0
E13,2000,5,64,69,1931,0
F16,2000,13,56,69,1931,0
F20,2000,0,69,69,1931,0
C17,2000,0,64,64,1936,0
M11,2000,0,56,56,1944,0
A12,2000,6,48,54,1946,0
F13,2000,0,54,54,1946,0
D8,2000,46,0,46,1954,0
D20,2000,0,44,44,1956,0
C25,2000,0,40,40,1960,0
F24,2000,9,31,40,1960,0
B2,2000,0,29,29,1971,0
D14,2000,0,29,29,1971,0
D18,2000,0,29,29,1971,0
D9,2000,0,27,27,1973,0
F25,2000,0,26,26,1974,0
F19,2000,0,25,25,1975,0
E21,2000,0,20,20,1980,0
M3,2000,13,0,13,1987,0
B24,2000,0,7,7,1993,0
H8,2000,0,1,1,1999,0
B4,2000,0,0,0,2000,0
B6,2000,0,0,0,2000,0
B28,2000,0,0,0,2000,0
B30,2000,0,0,0,2000,0
C1,2000,0,0,0,2000,0
C11,2000,0,0,0,2000,0
C15,2000,0,0,0,2000,0
D5,2000,0,0,0,2000,0
D6,2000,0,0,0,2000,0
D13,2000,0,0,0,2000,0
D21,2000,0,0,0,2000,0
D23,2000,0,0,0,2000,0
D25,2000,0,0,0,2000,0
E11,2000,0,0,0,2000,0
F2,2000,0,0,0,2000,0
F23,2000,0,0,0,2000,0
D3,3000,521,178,699,2301,0
F10,3000,187,448,635,2365,0
G12,3200,0,799,799,2401,0
F4,3000,0,484,484,2516,0
G16,3200,395,215,610,2590,0
H7,14400,2908,8482,11390,3010,0
TOTAL,521000,48047,124278,172325,348675,0
