G11,G11,C7,,G13,G13,G13,,F3,F3,F3,F3,F3,G13,G13,H18,H18,A4,A4,A6,A6,A6,F3,F3,F3,F3,F3,F3,F3,A4,A4,A4,A4,A4,A4,A4,A4,A6,,,A2,,,,,,A2,,,,,
G11,G11,A2,,G13,G13,G13,,F3,F3,F3,F3,F3,F3,F3,F3,F3,F3,F3,F3,F3,F3,F3,F3,F3,F3,F3,F3,F3,F3,F3,F3,F3,F3,F3,F3,A6,A4,,,A2,,,,,,A2,,,G11,F11,F11
G11,G11,G13,,G13,G13,G13,,F3,F3,,,,F3,F3,F3,F3,F3,F3,F3,F3,F3,F3,F3,F3,F3,F3,F3,F3,F3,F3,F3,,,,F3,F3,A6,,,A2,A2,,,,A2,A2,,,G11,F11,F11
,,,,D10,D10,A6,,G13,F3,F3,F3,F3,F3,F3,F3,F3,F3,F3,F3,F3,F3,F3,F3,F3,F3,F3,F3,F3,F3,F3,F3,F3,F3,F3,F3,F3,F3,,,,A2,,,,A2,,,,G11,F11,F11
G13,G13,A2,,,,,,D10,D10,D10,D10,D10,D10,F3,F3,F3,F3,F3,F3,F3,F3,F3,D22,D10,D10,A4,A4,A4,A4,A4,A4,A4,A4,A4,A4,D22,D10,,,D10,A2,,,,A2,D10,,,,,
G13,G13,A2,,F3,F3,F3,,D10,D10,D22,D22,D22,D22,D22,D10,D10,D10,D22,D22,D22,D22,D22,D10,D10,D10,A4,A4,A4,A4,A4,A4,A4,A4,A4,A4,D22,D22,,D10,D22,D22,,,,D22,D22,D10,,F3,F3,F3
G13,G13,D1,,A4,A4,A4,,C7,C7,C7,C7,C7,D1,C7,C7,C7,C7,D1,C7,D1,D1,D1,D1,D1,D22,A4,A4,A4,A4,A4,A4,A4,A4,A4,A4,C7,D22,,D10,D22,D22,D10,,D10,D22,D22,D10,,G13,G13,F3
,,,,,,,,A4,A4,A4,H18,H18,H18,A4,A4,A4,A4,A4,A4,A4,A4,A4,A4,H18,D1,A4,A4,A4,A4,A4,A4,A4,A4,A4,A4,D22,D22,,D10,D22,D22,D10,D10,D10,D22,D22,D10,,,,
,,,,,,,,D10,A4,H18,A4,A4,H18,H18,H18,H18,H18,G13,G13,H18,A4,A4,D22,D1,D1,A4,A4,A4,A4,A4,A4,A4,A4,A4,A4,C7,D10,,D10,D22,D22,,,,D22,D22,D10,,,,
,,,,,,,,D22,D10,A4,H18,H18,A4,A4,A4,A4,A4,H18,H18,A4,H18,H18,A4,D22,D22,A4,A4,A4,A4,A4,A4,A4,A4,A4,A4,D22,A2,,,D22,D10,D10,D10,D10,D10,D22,,,,,
,,,,,,,,A6,G13,D10,C7,A4,H18,H18,H18,A4,A4,A4,A4,A4,D22,D22,D22,D1,D1,A4,A4,A4,A4,A4,A4,A4,A4,A4,A4,A2,A2,,,,D10,F11,D10,D10,D10,,,,,,
,,,,,,,,D10,A6,G13,D22,D1,D22,D1,D1,D1,C7,C7,C7,C7,D1,D1,D1,D22,D22,A4,A4,A4,A4,A4,A4,A4,A4,A4,A4,G11,G11,,,D10,D10,G13,D10,D10,D10,,,,,,
,,,,,,,,D22,D10,G11,G11,G11,G11,G11,G11,G11,G11,H18,H18,H18,H18,H18,H18,H18,H18,G13,G13,G13,G13,G13,G13,G13,G13,G13,G13,D22,D1,,,D10,F11,D10,D10,D10,,,,,,,
,,,,,,,,F11,D22,G11,,G11,G11,G11,G11,G11,G11,H18,H18,H18,H18,H18,H18,H18,H18,G13,G13,G13,G13,G13,G13,G13,G13,,G13,D22,D1,,,D10,,D10,,D10,,,,,,,
,,,,,,,,F3,F11,G11,,G11,G11,G11,G11,G11,G11,H18,H18,H18,H18,H18,H18,H18,H18,G13,G13,G13,G13,G13,G13,G13,G13,,G13,H18,D1,,,,,,,,,,,,,,
,,,,,,,,G13,D22,G11,,G11,G11,G11,G11,G11,G11,H18,H18,H18,H18,H18,H18,H18,H18,G13,G13,G13,G13,G13,G13,G13,G13,,G13,G11,D1,,,,,,,,,,,,,,
,,,,,,,,D10,G13,G11,G11,G11,G11,G11,G11,G11,G11,H18,H18,H18,H18,H18,H18,H18,H18,G13,G13,G13,G13,G13,G13,G13,G13,G13,G13,A2,D1,,,,,,,,,,,,,,
,,,,,,,,D10,D10,G11,G11,G11,G11,G11,G11,G11,G11,H18,H18,H18,H18,H18,H18,H18,H18,G13,G13,G13,G13,G13,G13,G13,G13,G13,G13,A2,D1,,,,,,,,,,,,,,
,,,,,,,,G11,D10,G11,G11,G11,G11,G11,G11,G11,G11,H18,H18,H18,H18,H18,,H18,H18,G13,G13,G13,G13,G13,G13,G13,G13,G13,G13,A2,A2,,,,,,,,,,,,,,
,,,,,,,,A2,G11,G11,G11,G11,G11,G11,G11,G11,G11,H18,H18,H18,H18,H18,,H18,H18,G13,G13,G13,G13,G13,G13,G13,G13,G13,G13,C7,A2,,,,,,,,,,,,,,
,,,,,,,,G13,A2,G11,G11,G11,G11,G11,G11,G11,G11,H18,H18,H18,H18,H18,H18,H18,H18,G13,G13,G13,G13,G13,G13,G13,G13,G13,G13,C7,A2,,,,,,,,,,,,,,
,,,,,,,,G11,G13,G11,G11,G11,G11,G11,G11,G11,G11,H18,H18,H18,H18,H18,H18,H18,H18,G13,G13,G13,G13,G13,G13,G13,G13,G13,G13,D1,H18,,,,,,,,,,,,,,
,,,,,,,,A2,G11,G11,G11,G11,G11,G11,G11,G11,G11,H18,H18,H18,H18,H18,H18,H18,H18,G13,G13,G13,G13,G13,G13,G13,G13,G13,G13,D1,H18,,,,,,,,,,,,,,
,,,,,,,,G13,A2,G11,G11,G11,G11,G11,G11,G11,G11,H18,H18,H18,H18,H18,H18,H18,H18,G13,G13,G13,G13,G13,G13,G13,G13,G13,G13,A2,A2,,,,,,,,,,,,,,
,,,,,,,,C7,A2,G11,G11,G11,G11,G11,G11,G11,G11,H18,H18,H18,H18,,,,H18,G13,G13,G13,G13,G13,G13,G13,G13,G13,G13,D1,A2,,,,,,,,,,,,,,
,,,,,,,,G11,G13,G11,,G11,G11,G11,G11,G11,G11,H18,H18,H18,H18,H18,H18,H18,H18,G13,G13,G13,G13,,G13,G13,G13,G13,G13,A2,G11,,,,,,,,,,,,,,
,,,,,,,,A2,G11,G11,,G11,G11,G11,G11,G11,G11,H18,H18,H18,H18,H18,H18,H18,H18,G13,G13,G13,G13,,G13,G13,G13,G13,G13,G11,A2,,,,,,,,,,,,,,
,,,,,,,,G13,A2,G11,,G11,G11,G11,G11,G11,G11,H18,H18,H18,H18,H18,H18,H18,H18,G13,G13,G13,G13,,G13,G13,G13,G13,G13,G11,G11,,,,,,,,,,,,,,
,,,,,,,,G11,G13,G11,G11,G11,G11,G11,G11,G11,G11,H18,H18,H18,H18,H18,H18,H18,H18,G13,G13,G13,G13,G13,G13,G13,G13,G13,G13,A4,G11,,,,,,,,,,,,,,
,,,,,,,,,,G11,,G11,,G11,,G11,,G11,,G11,,G11,,G11,,G11,,G11,,G11,,G11,,G11,,F3,,,,,,,,,,,,,,,
,,,,D10,,,,,,,,,,,,,,,,,,,,,,,,,,,,,,,,,,,,,,,,,,,,,,,
,,,,G13,D22,,,,,,,,,,,,,,,,,,,,,,,D1,A2,,,,,,,,,,,,,,,,,,,,,,
,,,,A6,G13,D22,,,,,,,,,,,,,,,,,,,,A2,A2,G11,D1,,,,,,,,,,,,,,,,,,,,,,
,,,,D10,,G13,D22,,,,,,,,,A4,A4,A4,,,,,,A2,A2,C7,H18,,A2,,,,,,,,,,,,,,,,,,,,,,
,,,,D22,,F11,G13,A6,,,,,,,A4,A4,A4,A4,A4,,,,A2,A2,C7,G11,A2,,D22,,,,,,,,,,,,,,,,,,,,,,
,,,,F11,,G13,F11,D10,A6,,,,,,A4,A4,A4,A4,A4,,,,A2,C7,H18,G11,A2,,D22,,,,,,,,,,,,,,,,,,,,,,
,,,,D22,F11,D10,G13,F11,D10,A6,,,,A4,A4,A4,A4,A4,A4,A4,,,A2,C7,H18,A2,A2,D22,H18,,,,,,,,,,,,,,,,,,,,,,
,,,,G13,F11,F11,D10,G13,F11,D10,A6,,,A4,A4,A4,A4,A4,A4,A4,,A2,A2,D1,A2,A2,D1,C7,G11,,,,,,,,,,,,,,,,,,,,,,
,,,,D10,F11,D22,F11,D10,F11,F11,D10,A6,,A4,A4,A4,,A4,A4,A4,,A2,C7,H18,A2,A2,D1,H18,G11,,,,,,,,,,,,,,,,,,,,,,
,,,,D10,D10,G13,D22,F11,F11,A6,F11,D10,,,,A4,,A4,,,,A2,C7,H18,A2,A2,C7,H18,G11,,,,,,,,,,,,,,,,,,,,,,
,,,,G11,D10,D10,G13,D22,F11,D10,A6,F11,F11,D10,D10,A4,A4,A4,D10,D10,D22,A2,H18,H18,G11,A2,C7,H18,A2,,,,,,,,,,,,,,,,,,,,,,
,,,,A2,D22,D10,G11,F3,F11,F11,D10,A6,D10,D22,D22,D22,D22,D22,D22,D22,D22,D22,A2,D1,G11,A2,A2,A2,A2,,,,,,,,,,,,,,,,,,,,,,
,,,,G13,G11,D22,D10,G13,F11,D22,F11,D10,D10,D22,D22,D22,D22,D22,D22,D22,D22,D22,D22,A2,D1,A2,A2,C7,A2,,,,,,,,,,,,,,,,,,,,,,
,,,,G11,A2,D22,D10,D10,F11,F3,D22,F11,D10,D22,D22,D22,D22,D22,D22,D22,D22,D22,D22,D22,A2,G11,A2,D1,G11,,,,,,,,,,,,,,,,,,,,,,
H18,H18,H18,,C7,G11,A2,D22,D10,F11,G13,F3,D22,D10,D22,D22,,,,D22,D22,D22,D22,D22,D22,F3,A4,G11,A2,G11,,,,,,,,,,,,,,,,,,,,,,
H18,H18,H18,,A2,,G11,A2,D22,D10,D10,G13,F3,D10,D22,D22,D22,D22,D22,D22,D22,D22,D22,D22,,F3,F3,A4,G11,A2,,,,,,,,,,,,,,,,,,,,,,
H18,H18,H18,,G13,,C7,G11,A2,D22,D10,D10,G13,F3,D22,D22,D22,D22,D22,D22,D22,D22,D22,D22,,F3,F3,F3,A4,G11,,,,,,,,,,,,,,,,,,,,,,
H18,H18,H18,,G11,,A2,G11,G11,G13,D22,D10,D10,D10,D22,D22,D22,D22,D22,D22,D22,D22,D22,D22,,F3,F3,F3,F3,A4,G11,,,,,,,,,,,,,,,,,,,,,
D10,D10,D10,,A2,G11,G13,A2,G11,G11,G13,D22,D22,D10,D22,D22,D22,D22,D22,D22,D22,D22,D22,D22,D22,F3,F3,F3,F3,F3,A4,G11,,,,,,,,,,,,,,,,,,,,
,,,,G13,,G11,,A2,,G11,,D22,,,,,,,,,,,,,,,,,F3,F3,A4,,,,F11,,D10,,,,,,,,,,,,,,
,,,,,,,,,,,,,,,,,,,,,,,,,,,,,,,,,,,D10,D10,D10,,,D22,,F3,,F11,,D10,,A6,,,
,,,,,,,,,,,,,,,,,,,,,,,,,A2,,C7,,G11,,G13,,D10,D22,D22,D22,D22,D22,D22,D10,D22,D22,D22,D22,F3,F3,F3,F3,,,
,,,,,,,,,,,,,,,,,,,,,,,G11,G13,G11,G11,G11,G11,G11,G11,G11,G11,G11,G11,G11,G11,G11,G11,G11,G11,G11,G11,G11,G11,G11,G11,G11,G11,G11,F3,A4
,,,,,,,,,,,,,,,,,,,,,,G11,G11,,G11,,G11,,G11,,G11,,G11,,G11,,G11,,G11,,G11,,G11,,G11,,G11,,G11,,A4
,F3,F3,F3,F3,,,,,,,,,,F3,F3,F3,F3,F3,F3,F3,,,,,,,,,,,,,,,,,,,,,,,,,,,,,,,
A4,A4,A4,F3,F3,F3,F3,F3,F3,F3,F3,F3,F3,F3,F3,F3,F3,F3,F3,A4,A4,A6,A6,A6,A6,A6,A6,A6,,,,,,,,,,,,,,,,,,,,,,,,
F3,A4,,,,A4,A4,F3,F3,F3,F3,F3,F3,F3,A4,A6,A6,A6,A6,A6,A6,A6,A6,A6,,,,F3,F3,,,,,,,,,,,,,,,,,,,,,,,
G13,F3,F3,G13,A6,A4,A4,A4,A4,A4,A4,A4,A6,A6,A6,A6,A6,A6,F3,F3,D10,D10,D10,D10,D10,D22,D22,D22,D10,,,,,,,,,,,,,,,,,,,,,,,
G13,,,,,,F3,F3,F3,G13,G13,F3,F3,F3,F3,,,D10,D10,D10,D22,D22,C7,C7,C7,C7,C7,D22,D22,,,,,,,H18,H18,A4,,,,,,,,,,,,,,
,,,,,,,,,,,,,,,,,D10,G13,G13,G13,C7,D22,D22,D22,C7,D22,C7,D22,,G13,G13,,,H18,H18,H18,H18,A4,,,,,,,,,,,,,
,,,,,,,,,,,,,,,,,,D22,D22,D22,G13,D1,D1,D1,D22,C7,C7,C7,,G13,G13,,,H18,H18,H18,H18,A4,,,,,,,,,,,,,
,,,,,,,,,,,,,,,,,D1,D1,D10,D10,D10,D22,D22,D22,D22,C7,C7,D22,,G13,G13,,A2,H18,G13,H18,G13,H18,A2,,,,,,,,,,,,
,,,,,,,,,,,,,,,D22,D1,D1,D10,D10,D10,D10,D10,D22,D1,D1,D22,D22,C7,,H18,H18,,A2,H18,H18,H18,H18,H18,A2,,,,,,,,,,,,
,D10,,,,,,,,,,,,,,,D22,D22,D1,D22,D10,D10,D10,D1,C7,C7,C7,C7,D22,,,,,A4,A2,H18,,H18,A2,A4,,,,,,,,,,,,
,G13,D10,C7,,,,,,,,,,D22,D22,D22,D1,D1,D22,D10,D10,D10,D22,C7,C7,C7,D10,D10,A2,,,,,,A2,H18,,H18,A2,,,,,,,,,,,,,
,A6,G13,D22,D1,D22,D1,D1,D1,C7,C7,C7,C7,D1,D1,D1,D22,D22,D22,D10,D22,D10,C7,C7,D10,D10,A2,A2,G11,,,,,D10,A2,A4,H18,A4,A2,D10,D22,,,,,,,,,,,
,D10,A6,D22,D22,D1,D22,C7,C7,D1,D1,D1,D1,C7,C7,C7,D22,D22,D10,D10,D10,D22,C7,D10,A2,A2,A2,D1,D22,,,,D10,D10,D10,G13,A4,G13,D10,D10,D10,D22,,,,,,,,,,
,D22,D10,,D22,D22,D1,C7,D1,C7,C7,C7,C7,C7,C7,C7,C7,D22,D22,D10,D22,C7,A2,A2,A2,A2,,A2,D22,,,,D10,D10,D10,D10,G13,D10,D10,D10,D10,A4,D22,,,,,,,,,
,F11,D22,,D22,D22,A6,D1,C7,D1,D1,D1,D1,C7,C7,C7,C7,C7,D10,D22,C7,A2,A2,A2,A2,A2,,D22,H18,,,,D10,D10,D10,D10,D10,D10,D10,D10,D10,A6,A4,D22,,,,,,,,
,D22,F11,,D22,D22,A6,A6,D1,C7,C7,C7,C7,C7,C7,C7,C7,C7,D22,C7,D1,A2,A2,A2,A2,A2,,D22,G11,,,,D10,D10,D10,,,,D10,D10,D10,D10,A6,A4,G13,,,,,,,
,G13,D22,D22,D22,D22,A6,A6,A6,D22,C7,C7,C7,C7,C7,C7,C7,C7,C7,C7,D1,A2,A2,A2,A2,A2,A2,H18,A2,,,,D10,D10,D10,D10,D10,D10,D10,D10,F11,D10,D10,,A6,F3,,,,,,
,D10,G13,D22,D22,D22,A6,A6,A6,A6,D22,D22,C7,C7,C7,C7,C7,C7,C7,D1,D1,A2,A2,A2,A2,A2,A2,G11,A2,,,,,D10,D10,D10,D10,D10,D10,D10,F11,F11,D10,,G13,A6,F3,,,,,
,D10,D10,D22,D22,D22,A6,A6,A6,A6,A6,D22,C7,C7,C7,,C7,C7,C7,D1,A2,A2,A2,A2,A2,A2,A2,G11,A2,,,,D10,D10,D10,D10,D10,D10,D10,F3,D10,F11,F11,,D10,A6,A6,F3,,,,
,G11,D10,D22,D22,D22,A6,A6,A6,A6,A6,A6,A6,D22,C7,,C7,C7,C7,D1,A2,A2,A2,A2,A2,A2,A2,G11,C7,,,,D10,D10,D10,D10,D10,D10,D10,A6,F3,D10,F11,F11,D10,D10,A6,A6,F3,,,
,A2,G11,D22,D22,D22,A6,A6,A6,A6,A6,A6,A6,F11,F11,F11,F11,F11,F11,F11,A2,A2,A2,A2,A2,A2,A2,A2,C7,,,,D10,D10,,,,D10,D10,,A6,,D10,,F11,,D10,,A6,F3,,
,G13,A2,D22,D22,D22,A6,A6,A6,A6,A6,A6,A6,F11,F11,F11,F11,F11,F11,F11,A2,A2,A2,A2,A2,A2,A2,A2,D1,,,,,,,,,,,,,,,,,,,,,,,
,G11,G13,D22,D22,D22,A6,A6,A6,A6,A6,A6,A6,F11,F11,F11,F11,F11,F11,F11,A2,A2,A2,A2,A2,A2,A2,A2,D1,,,,,,,,,,,,,,,,,,,,,,,
,A2,G11,D22,D22,D22,A6,A6,A6,A6,A6,A6,A6,F11,F11,F11,F11,F11,F11,F11,A2,A2,A2,A2,A2,A2,A2,G11,A2,,,,,,,,,,,,,,,,,,,,,,,
,A2,C7,D22,D22,D22,A6,A6,A6,A6,A6,A6,A6,F11,,,,F11,F11,F11,A2,A2,A2,A2,A2,A2,A2,G11,D1,,,,,,,,,,,,,,,,,,,,,,,
,G13,A2,,D22,D22,A6,A6,A6,A6,A6,A6,A6,F11,F11,F11,F11,F11,F11,F11,A2,A2,,A2,A2,A2,A2,A2,A2,,,,,,,,,,,,,,,,,,,,,,,
,G11,G13,,D22,D22,A6,A6,A6,A6,A6,A6,A6,F11,F11,F11,F11,F11,F11,F11,A2,A2,,A2,A2,A2,A2,A2,G11,,,,,,,,,,,,,,,,,,,,,,,
,A2,G11,,D22,D22,A6,A6,A6,A6,A6,A6,A6,F11,F11,F11,F11,F11,F11,F11,A2,A2,,A2,A2,A2,A2,A2,G11,G11,,,,,,,,,,,,,,,,,,,,,,
,G13,A2,D22,D22,D22,A6,A6,A6,A6,A6,A6,A6,F11,F11,F11,F11,F11,F11,F11,A2,A2,A2,A2,A2,A2,A2,A2,A4,G11,,,,,,,,,,,,,,,,,,,,,,
